{
  "dataset": "CIC-DDoS2019",
  "models": {
    "J48 (Decision Tree)": {
      "name": "J48 (Decision Tree)",
      "accuracy": 0.5548,
      "precision": 0.5604,
      "recall": 0.5548,
      "f1": 0.5563,
      "auc": 0.6787,
      "train_time_s": 1.591,
      "infer_time_s": 0.00323
    },
    "Random Forest": {
      "name": "Random Forest",
      "accuracy": 0.5745,
      "precision": 0.5609,
      "recall": 0.5745,
      "f1": 0.5599,
      "auc": 0.7939,
      "train_time_s": 2.119,
      "infer_time_s": 0.05317
    },
    "Na\u00efve Bayes": {
      "name": "Na\u00efve Bayes",
      "accuracy": 0.5815,
      "precision": 0.5571,
      "recall": 0.5815,
      "f1": 0.534,
      "auc": 0.79,
      "train_time_s": 0.009,
      "infer_time_s": 0.00732
    }
  },
  "top_features": {
    "SYN Flag Count": 0.6529942913206133,
    "Flow Bytes/s": 0.3112935338588718,
    "Flow Duration": 0.2970515546532755,
    "Flow Packets/s": 0.26638467598939775,
    "Total Fwd Packets": 0.23387573494138225,
    "Fwd Packets/s": 0.2082069677915892,
    "Flow IAT Mean": 0.17570593433069437,
    "Total Length of Fwd Packets": 0.16537647048718274,
    "Total Backward Packets": 0.05120501188123194,
    "Active Mean": 0.0064561952455863825,
    "Idle Max": 0.006174001535710794,
    "Bwd Packet Length Max": 0.004885407129440189,
    "Fwd Header Length": 0.00452049189721393,
    "FIN Flag Count": 0.004495249528541745,
    "Flow IAT Std": 0.0044080761354670095,
    "Total Length of Bwd Packets": 0.003786329127019261,
    "Min Packet Length": 0.003289843114014701,
    "Fwd Packet Length Max": 0.0027872253774727795,
    "Fwd IAT Mean": 0.0027173336460477593,
    "Down/Up Ratio": 0.0026122330277296157
  }
}