{
  "dataset": "CIC-DDoS2019",
  "models": {
    "J48 (Decision Tree)": {
      "name": "J48 (Decision Tree)",
      "accuracy": 0.5556,
      "precision": 0.562,
      "recall": 0.5556,
      "f1": 0.5577,
      "auc": 0.683,
      "train_time_s": 1.241,
      "infer_time_s": 0.00226
    },
    "Random Forest": {
      "name": "Random Forest",
      "accuracy": 0.5741,
      "precision": 0.5614,
      "recall": 0.5741,
      "f1": 0.5605,
      "auc": 0.7932,
      "train_time_s": 2.404,
      "infer_time_s": 0.06447
    },
    "Na\u00efve Bayes": {
      "name": "Na\u00efve Bayes",
      "accuracy": 0.5814,
      "precision": 0.5594,
      "recall": 0.5814,
      "f1": 0.5312,
      "auc": 0.7915,
      "train_time_s": 0.008,
      "infer_time_s": 0.00766
    }
  },
  "top_features": {
    "SYN Flag Count": 0.6529573928417021,
    "Flow Bytes/s": 0.310612486418675,
    "Flow Duration": 0.29725775467400917,
    "Flow Packets/s": 0.26657702347151613,
    "Total Fwd Packets": 0.23555670906741444,
    "Fwd Packets/s": 0.20789845944196728,
    "Flow IAT Mean": 0.17606042117030896,
    "Total Length of Fwd Packets": 0.166148047033984,
    "Total Backward Packets": 0.046242158513823295,
    "Active Mean": 0.0066141257498317785,
    "Idle Max": 0.006538430996437139,
    "Fwd PSH Flags": 0.005927783130093012,
    "Bwd Packet Length Max": 0.005158153521528153,
    "FIN Flag Count": 0.005111451473716944,
    "Fwd Header Length": 0.004809840063833004,
    "Flow IAT Std": 0.004163466388265036,
    "Total Length of Bwd Packets": 0.003912665407150406,
    "Min Packet Length": 0.0036892568777942003,
    "Down/Up Ratio": 0.0030838760382554398,
    "Idle Min": 0.002722313762277828
  }
}